Text,Date,Sentiment
"  Protective Put, a simple addition for peace and confidence: Shubham Agarwal",2023-05-06,2
  More than 40 smallcaps give double digit return as market ends flat,2023-05-06,0
"  Dow has best day since January 6 after Apple rally, jobs data",2023-05-06,0
  Daily Voice | Green Portfolio's Divam Sharma expects a Fed pivot starting September,2023-05-06,0
"Union Bank Q4 results: PAT up by 61%, declares dividend; key highlights here",2023-05-06,0
"Seven Adani stocks lose ₹3,782 crore m-cap this week; check details",2023-05-06,2
"Paytm strengthens merchant payments leadership, deploys 71 lakh devices in April",2023-05-06,1
Stock mkt dips on HDFC twins rebalancing. Experts list out these stocks to buy,2023-05-06,2
Buy or sell: Sumeet Bagadia recommends three stocks to buy on Monday,2023-05-06,1
"Three 1:2 bonus shares: Multibagger IPO turns ₹14,685 to ₹1.58 lakh in 6 yrs",2023-05-06,2
"Global markets: Dow has best day since 6 January after Apple rally, jobs data",2023-05-06,1
"MSCI to lower free float of 2 Adani group cos — Adani Total, Adani Transmission",2023-05-06,2
Apple share price buoys US stock market after Q4 earnings,2023-05-06,1
HDFC twin stocks slide over outflow fears post merger,2023-05-06,2
"IT stock hit fresh 52-week-high after robust Q4 numbers, PAT rises 31% YoY, 100% dividend declared",2023-05-05,1
"Bulk deals on May 5: Manappuram, others exchange hands; Check buyers & sellers",2023-05-05,2
"Paytm's consolidated net loss narrows to ₹167.5 cr in Q4, revenue up over 51%",2023-05-05,2
"Ashish Dhawan stock hit 20% upper circuit after Q4 net profit rises 113%, Board declares 250% dividend",2023-05-05,1
Learn with ETMarkets: All you need to know about premium decay in options trading,2023-05-06,0
More dominos waiting to fall in the US banking business: Aswath Damodaran,2023-05-06,2
Paul Ormerod's investment rules for success for sceptical investors,2023-05-06,0
"Adani Group: MSCI to reduce free float in Adani Total Gas, Adani Transmission in May review",2023-05-06,2
Stock picks of the week: 4 stocks with score improvement and upside potential of up to 23%,2023-05-06,1
4 small and mid caps FMCG stocks with strong brands with an upside potential up to 32 %,2023-05-06,1
"Rs 11,000 cr boon! Not only videshi, but even desi investors bet big in 5 Adani companies in March quarter",2023-05-06,0
Midcaps with long term perspective; 4 stocks with high ROE & net profit margin,2023-05-06,1
China’s lackluster corporate profits add to angst for investors,2023-05-06,1
Top 10 stocks that saw increase in retail ownership in March quarter,2023-05-06,0
Wild week in banks sends indexes of cross-asset tumult spinning,2023-05-06,1
Poonawalla Fincorp and Bajaj Finance are top picks from NBFC sector for FY24: Siddhartha Khemka,2023-05-06,1
Apple's results send shares surging to nine-month high,2023-05-06,1
5 world market themes for the week ahead,2023-05-06,1
Scope Ratings places US credit ratings under review for possible downgrade,2023-05-06,0
"US bank lending touches record as deposits fall, Fed data shows",2023-05-06,2
"Earnings booster! 44 smallcap, 5 midcap stocks gave Sensex-beating returns last week",2023-05-06,2
"Dow has best day since Jan 6 after Apple rally, jobs data",2023-05-06,0
Silver Point gets NCLT nod to take over IVRCL Chengapalli Tollways,2023-05-06,1
HDFC twins log the biggest single-day decline in 3 years,2023-05-06,1
Stocks drop 1% on deep selloff in HDFC twins,2023-05-06,2
Adani Enterprises' ability to service debt improves,2023-05-06,2
Top 5 large- & mid-cap funds that have given inflation-beating returns since launch,2023-05-05,0
Demand uncertainty may weigh on Havells stock; B2C sales show muted trend,2023-05-06,0
"Nexus Select Trust to raise Rs 3,200 crore through IPO next week",2023-05-06,1
"Trent stays on growth track, stock rises 18% in 3 months; hit margins in Q4",2023-05-06,1
"Sebi revises requirements for issuance, listing of transition bonds",2023-05-06,0
"HDFC twins take mkts down by 1%, BSE-listed firms investors lose Rs 1.4 trn",2023-05-06,2
HDFC twins sink 6% on MSCI weighting update; biggest 1-day fall in 3 years,2023-05-06,2
"Demat additions slow in April despite sharp market rally, shows data",2023-05-06,0
"Sensex plunges 695 pts, Nifty below 18,100 as HDFC twins sink up to 6%",2023-05-06,2
Sebi prescribes additional disclosures for issuing transition bonds,2023-05-06,0
Federal Bank slumps 8% despite record profit of Rs 903 cr in Q4; here's why,2023-05-06,2
CEAT rallies over 5% in weak market on 5-fold jump in Q4 net,2023-05-06,1
ITC increases stake in food brand Sproutlife to 39.42% for Rs 175 cr,2023-05-06,1
Limited downside seen in markets as over half of Nifty500 stks hold 200-DMA,2023-05-06,0
Investors book profit in BHEL; stock slides 7% after soaring 26% in a month,2023-05-06,1
"Sebi to tell brokers, mutual funds to limit use of financial influencers",2023-05-06,0
"Stable macro data, earnings trigger FPI buying in shares in April: NSDL",2023-05-06,1
Paytm shares rise 4% ahead of Q4FY23 results; here's what brokerages expect,2023-05-06,1
United Breweries hits 52-week low as high RM prices hurt Q4FY23 margins,2023-05-06,1
Sundram Fasteners hits new life-time high; gains 5% on solid Q4 earnings,2023-05-06,1
Manappuram in freefall as ED freezes Rs 143 cr-assets; sinks 21% in 3 days,2023-05-06,2
"Gold price rises Rs 220 to Rs 62,400, silver jumps Rs 1,150 to 78,250",2023-05-06,1
Bitcoin perpetuals becoming an even bigger driver of digital token's price,2023-05-06,1
"Coal India Q4 preview: Revenue growth, PAT, wage hike impact, key factors here",2023-05-06,1
"  Coal India preview: Offtake to be higher in Q4; guidance on coal availability, price hike to be in focus",2023-05-06,1
  5 things to watch out for during the Berkshire Hathaway AGM,2023-05-06,1
"FPIs pump in ₹10,850 cr in equities in 4 days of May; DIIs turn net sellers",2023-05-06,1
How much funds outflow will HDFC Bank-HDFC merged entity see after MSCI plan,2023-05-06,0
"8 stocks to turn ex-dividend; Oracle Financial, Coforge, others: Check list here",2023-05-06,0
Berkshire Hathaway earnings: Check details of Warren Buffet-led firm's Q1 report,2023-05-06,1
"Berkshire AGM: Investment wisdom, succession plan among 10 things Buffett may speak on",2023-05-06,1
Temasek considers investing $100 million in BlueStone,2023-05-06,1
Portfolio created by ChatGPT reports better returns than top funds in UK,2023-05-06,0
"  Coal India March quarter net profit misses estimates, down 18%",2023-05-07,2
  Momentum takes break but these 3 stocks to return upto 9% in short-term,2023-05-07,0
  TPG-backed RR Kabel files IPO papers with Sebi,2023-05-07,0
"  Headwinds from US banks fallout, debt default fears to keep investors anxious",2023-05-07,0
"  Daily Voice | IT sector growth expected to be muted in FY24, recovery likely from FY25, says Pankaj Pandey of ICICI Securities",2023-05-07,1
  Trade setup for Monday: Top 15 things to know before the opening bell,2023-05-07,1
  Dalal Street Week Ahead: 10 key factors that will keep traders busy,2023-05-07,0
"Mahanagar Gas could hit lifetime high, brokerage sees 75% potential upside",2023-05-07,1
Cooling commodities warm Q4 earnings,2023-05-07,2
"Ashish Kacholia multibagger stock reports 72% Q4 PAT growth, Board declares ₹10 per share dividend",2023-05-07,1
"Coal India logs 62% growth in FY23 net profit at Rs28,124 cr",2023-05-07,1
"Ashish Kacholia stock records highest ever PAT margin, Board declares stock split and 50% dividend",2023-05-07,1
Eight Nifty 50 stocks rally more than 10% in 2023 so far; check details,2023-05-07,0
"Dolly Khanna portfolio stock posts 54% fall in Q4 net profit, Board recommends dividend",2023-05-07,2
"Grindwell Norton Q4 Earnings: PAT rise 10% YoY in Q4, net income up 20%, Board declares highest ever dividend",2023-05-07,1
"Bank of India Q4 Results: PAT up 18% to Rs.1,350 Cr, NII jump 37%, 20% dividend declared",2023-05-07,1
"TVS Electronics fixes record date for dividend, scrip trading 120% above 52-week-low",2023-05-07,0
Here is why Paytm and BirlaSoft should be on your radar,2023-05-07,1
"Canara Bank, Tata Motors, Vedanta, L&T, others declare results this week",2023-05-07,1
"FPIs remain buyers of Indian equities; invest ₹10,850 crore during May 2-5",2023-05-07,0
More dominos are waiting to fall: Aswath Damodaran on US banking sector,2023-05-07,2
"CAMS declares final dividend, net revenue up 2.3% YoY in Q4 FY23",2023-05-07,0
"FII flows, economic data, Q4, key factors to dictate markets in week ahead",2023-05-06,0
"Stock Radar: Buy Indian Hotels for Rs 385 in next 2-3 weeks, says Shivangi Sarda of Motilal Oswal Financial Services Ltd.",2023-05-07,1
"Next milestone to be free cashflow positive, AI to bring efficiencies: Paytm CEO Vijay Shekhar Sharma",2023-05-07,1
Market Trading Guide: ITC among 5 stock recommendations for Monday,2023-05-07,1
"High earnings, low commodity prices augur well for India",2023-05-07,1
Stock traders hunt for winners in Asia as Fed’s policy turns,2023-05-07,2
"Mankind Pharma set for stellar debut on Monday, Street sees 8-10% listing premium",2023-05-07,1
Ahead of Market: 10 things that will decide D-Street action on Monday,2023-05-07,0
Airlines have a cousin called shipping: A few survivors & winner takes it all,2023-05-07,1
How to navigate the shifting landscape of wealth management,2023-05-07,2
Learn With ETMarkets: Futures Contracts 201- Analyzing Futures Contracts,2023-05-07,1
Long-term wealth creation: How looking at underlying business makes the difference,2023-05-07,2
Debt AIFs ready for a big leap with the new lease of life from regulators,2023-05-07,0
Dividend yield & probability of capital gains: The non-classical combination of income from stock market,2023-05-07,0
"Coforge, Laurus Labs among 8 stocks to trade ex-dividend this week",2023-05-07,0
"FPIs remain buyers of Indian equities; invest Rs 10,850 cr in just four trading sessions",2023-05-07,0
"Mcap of four of top 10 valued firms fall by Rs 56,006 cr; HDFC twins take biggest hit",2023-05-07,2
Domestic investors are back led by tax harvesting and peaking interest rates,2023-05-07,0
"MSCI rejig, Q4 results among top 8 factors to drive Dalal Street this week",2023-05-07,1
Recovery of written-off loans helps Union Bank post 93% growth in Q4 profits,2023-05-07,1
"Buffett's Berkshire posts $35.5 bn profit, buys back more stock",2023-05-07,1
Warren Buffett on his favorite stock and other Berkshire holdings,2023-05-07,1
"Berkshire Meeting Takeaways: Buffett reaffirms abel as heir, blames bank leaders for failures",2023-05-07,1
Q4 earnings: India Inc's net profit growth slowest in 11 quarters,2023-05-07,1
Seeing stress in MSME sector... had slippages of Rs 3K cr: A Manimekhalai,2023-05-07,1
Expect sideways movement in market with focus on Smallcap and midcap space,2023-05-07,1
"FPIs invest Rs 10,850 cr in just 4 trading sessions, due to stable economy",2023-05-07,0
"Q4 earnings, foreign fund trading key triggers for mkts this week: Analysts",2023-05-07,0
"Mcap of 4 of top 10 firms falls by Rs 56,006 cr, HDFC twins falls steepest",2023-05-07,2
TPG-backed RR Kabel files for IPO to raise up to $27.5 million,2023-05-07,1
"Chinese users of Binance, FTX show holes in Beijing's cryptocurrency ban",2023-05-07,2
Centre plans to tweak allocation of FAME funds for electric buses,2023-05-07,0
"  Lupin, Mahanagar Gas and VIP Industries: Top stocks to watch on May 9",2023-05-08,1
  Trade setup for Tuesday: Top 15 things to know before the opening bell,2023-05-08,1
"  Nexus Select Trust raises Rs 1,440 crore via anchor book ahead of IPO",2023-05-08,1
"  F&O Manual: Amid bulls' domination, analysts see resistance at 18,500",2023-05-08,1
"  Warren Buffett warns of US slowdown, China risks: Key takeaways from Berkshire Hathaway's annual meeting",2023-05-08,1
"  One-time loss, weak operational performance drags UPL Q4 earnings below street expectations",2023-05-08,2
  User groups in real estate forced to evolve norms when policymakers fail,2023-05-08,0
"  Technical View | Nifty hits fresh 2023 high, requires to hold 18,200 for further sharp upmove",2023-05-08,1
"  Taking stock: Sensex jumps 710 points, Nifty closes above 17,250",2023-05-08,1
  Gainers & Losers: 10 stocks that moved the most on May 8,2023-05-08,2
"  Market LIVE: Nifty crosses 18,250; IndusInd Bank, Marico & Paytm in focus | Closing Bell",2023-05-08,1
  Moneycontrol Pro Panorama | The credit angle to a rural slowdown,2023-05-08,0
  Mankind Pharma likely to debut with double-digit premium on May 9,2023-05-08,1
  Metals gain on soft dollar index | Steel prices surge by 2.5% in China | Commodities Live,2023-05-08,1
  Tatva Chintan Pharma drops 8% as margin disappoints,2023-05-08,2
  Analyst call tracker | IT stocks cement position in ‘Maximum Pessimism’ list after weak Q4 show; Adani shines on optimism score,2023-05-08,0
  Why Warren Buffett prefers cash,2023-05-08,1
"  IndusInd Bank up 5%, recovers after brokerages reaffirm faith",2023-05-08,1
  JSW Energy gains 5% on power purchase deal with Solar Energy Corp,2023-05-08,1
  Capacite Infra rises 5% on bagging Rs 224-crore order,2023-05-08,1
"  F&O Manual | Bulls drive market rebound, but bears on the prowl; finance stocks in focus",2023-05-08,1
"  Marico gains on strong Q4 show led by Parachute, analysts eye diversification",2023-05-08,1
"  Canara Bank, Adani Port gain entry into Kotak's largecap portfolio",2023-05-08,1
  UPL shares trade marginally higher on hopes of robust Q4 earnings,2023-05-08,1
"  First Republic Bank, its board members and KPMG hung around each other for too long",2023-05-08,1
  Uber really needs Lyft to stay in the rideshare race,2023-05-08,0
  Equitas Small Finance Bank jumps 7% after record net profit in Q4,2023-05-08,1
"  A state-owned power utility's failure forced South Africa to let its market work. For India, a lesson",2023-05-08,1
  Coal India slumps as higher wage provisioning plays spoilsport in Q4,2023-05-08,1
  Kotak sees limited scope for earnings upgrades in India's micro outlook,2023-05-08,1
  In The Money | Know the basics of options trading,2023-05-08,0
  TCNS Clothing slumps as shareholders feel deprived over share swap ratio,2023-05-08,2
  Brokerages see limited growth for core business of Bharat Forge,2023-05-08,1
"  Britannia gains on a robust Q4 but brokerages cautious on valuation, volumes",2023-05-08,1
"  Top 10 trading ideas for next 3-4 weeks as bulls dare the bear trap, keep markets charged",2023-05-08,0
  The Eastern Window: Internet nationalism targets foreign brands in China,2023-05-08,1
  The slow run on US banks: Deposits in decline even before SVB fiasco,2023-05-08,1
  Daily Voice | Banks can show double-digit earnings growth in coming quarters: Kotak Mahindra Life's Hemant Kanawala,2023-05-08,1
  Stock Market Today: Top 10 things to know before the market opens,2023-05-08,1
"  Closing Bell: Sensex gains 710 pts, Nifty settles above 18,250; Tata Motors, IndusInd Bank, Bajaj Finance shine",2023-05-08,1
"  Buzzing Stocks: Britannia, Marico, Lupin, Coal India, bank stocks and others in focus",2023-05-08,1
  Commodity Futures | Falling channel breakout in Guar Gum,2023-05-08,2
  Cash Market | 3-month consolidation breakout in Ambuja Cements,2023-05-08,1
  Cash Market | A low-risk trade in Federal Bank,2023-05-08,2
  RBI simplifies just a few provisions of the overly complex regulations for CICs,2023-05-08,0
"  Hot Stocks | Here's why you should bet on NOCIL, Hitachi Energy India for short term",2023-05-08,0
  Oil prices creep higher as recession fears begin to fade,2023-05-08,1
"  Asia shares mostly higher, focus on US bank data",2023-05-08,1
  Cash Market | TVS Motors breaks out of a cup-and-a-handle trend continuation pattern,2023-05-08,1
  Options Trade | An earning-based non-directional options strategy in Coal India,2023-05-08,1
  Currency Options | A low-risk and high probability options strategy in currency pair USDINR,2023-05-08,2
  Best of India bond rally may be over with sales deluge coming,2023-05-08,1
"  Coal India net profit declines 18% on higher provisions, misses estimates",2023-05-08,1
KKR posts 26% decline in earnings in first quarter,2023-05-08,2
"Prevest Denpro reports 35% rise in Q4 PAT, Board gets new members to drive future growth",2023-05-08,1
Kalpataru Power climbs as Board recommends 350% dividend and Q4 PAT rises 22%,2023-05-08,1
Bulls return to mkts with a bang after Friday’s drubbing,2023-05-08,0
HDFC Life sets record date for final dividend for FY23: Key details to note,2023-05-08,0
"Ashish Dhawan portfolio: Birlasoft declares 100% dividend, net profit falls 18% in Q4",2023-05-08,0
"Bulk Deals On May 8: Som Dist, others exchange hands; Check buyers, sellers",2023-05-08,2
"Monday trade: FIIs buy ₹2,123 cr in Indian market on 8 May, DIIs buy ₹245 cr",2023-05-08,1
Markets gain more than 1% helped by easing slowdown concerns,2023-05-08,2
"Mahanagar Gas Q4 Results: Net profit rises 204% to ₹268 crore, new dividend",2023-05-08,0
"UPL net profit shrinks to Rs. 3,569 crore due to planting season delay",2023-05-08,2
Auction for sale (re-issue) of govt securities: Here’s what you need to know,2023-05-08,0
Best & worst performing sectors and stocks in FY23,2023-05-08,1
Hero MotoCorp Q4FY23 earnings beat estimates; Here's what brokerages say,2023-05-08,1
"Buffett and Munger on Success, Toxicity and Elon Musk",2023-05-08,1
"IT stock Happiest Minds records 25% revenue growth in Q4, PAT rises 10%, Board declares dividend",2023-05-08,1
"Anil Kumar Goel sugar stock posts 54% YoY growth in Q4 PAT, 100% dividend declared",2023-05-08,1
"Top gainers, losers in trade today: Tata Motors, ONGC; check full list",2023-05-08,1
"Sensex, Nifty clock strong gains; investors richer by over ₹2L Cr in a day",2023-05-08,1
"Multibagger stock surges over 350% in 1 year recommends 400% dividend, Q4 net profit quadruples",2023-05-08,0
"Indian Bank Q4 Results: Net profit up 47% to ₹1,447.3 cr, dividend declared",2023-05-08,0
"Exide Industries Q4 Earnings: Net profit falls 95% YoY, Board declares 200% dividend",2023-05-08,2
Aditya Birla Fashion shares fall 4% post TCNS acquisition announcement,2023-05-08,2
"Canara Bank Q4: Net profit up 90% to ₹3175 cr, dividend declared",2023-05-08,1
Why Bank Nifty outperformed Sensex today — explained,2023-05-08,1
"UPL Q4FY23 results: Net profit falls by 42.6%, declares dividend",2023-05-08,2
"Two upcoming IPOs in May: Nexus Select, Auro Impex & Chemicals; check details",2023-05-08,0
Rekha Jhunjhunwala portfolio: Two Tata group stocks hit 52-week high,2023-05-08,1
Zen Technologies shares: Drone maker stock jumps 13% after Q4 results,2023-05-08,1
Paytm shares rise over 5% post Q4 numbers; Citi sees a 66% upside; details here,2023-05-08,1
"Britannia Industries, Nestle India, ITC touch 52-week high; check details",2023-05-08,1
"Q4FY23 earnings in line so far, says Motilal Oswal; banks shine, metals drag",2023-05-08,1
Coal India share price down over 2% as Q4 net profit falls 18% YoY,2023-05-08,2
This is the Biggest Risk to the Stock of M&M,2023-05-08,2
Global market: SGX Nifty to US dollar — key triggers for stock market today,2023-05-08,1
"Stocks to Watch on May 8: Adani Group, Britannia, Coal India, Marico, Paytm",2023-05-08,1
Day trading guide for today: Six buy or sell stocks for Monday — May 8,2023-05-08,1
Buy or sell: Vaishali Parekh recommends three stocks to buy today — 8th May,2023-05-08,1
Vedanta group entity trims promoter stake silently,2023-05-08,2
"Stock Radar: Buy Syngene International for a target of Rs 825, says Gaurav Bissa of InCred Equities",2023-05-08,1
"Risk-reward attractive in RIL, AGM to give colour to JFS, Retail ops: JPMorgan",2023-05-08,2
"Market Trading Guide: Bharti Airtel, Bajaj Finserv among 6 stock recommendations for Tuesday",2023-05-08,1
Ahead of Market: 10 things that will decide D-Street action on Tuesday,2023-05-08,0
"Nexus Select Trust raises Rs 1,440 crore via fully subscribed anchor book",2023-05-08,1
Blackstone's delisting offer for India's R Systems fails,2023-05-08,2
A slip between cup and lip:  MRF misses the 1 lakh mark by just Rs 67 despite hitting a 52-week high,2023-05-08,1
Exide Industries Q4 Results: Firm posts standalone profit of Rs 208 crore,2023-05-08,0
"S&P 500, Dow open higher led by regional banks",2023-05-08,1
"After a rally, tyre stocks may face the heat from slowing replacement demand",2023-05-08,0
Over 19 lakh PACL investors get their money back: Sebi,2023-05-08,0
"Tech View: Nifty in buy mode till 18,200. What should traders do on Tuesday",2023-05-08,0
"Sensex jumps 710 pts, Nifty above 18,250; Tata Motors surges 5%, Adani Transmission tanks 5%",2023-05-08,1
Increasing promoter stake: These 5 stocks surge up to 190% in 1 year,2023-05-08,1
Bank of India shares plunge 9% as NPAs rise in Q4,2023-05-08,1
Momentum Pick: Titan shares are poised for 17% upside. Factors that are likely to support up-move,2023-05-08,1
"Up 1,500% in 2 years! This multibagger smallcap hits 5% upper circuit post Q4 results",2023-05-08,1
Utkarsh 2.0 RBI’s strategy framework – key points to know,2023-05-08,0
Broking players add new income streams amid rising competition; 5 stocks that can rally up to 56%,2023-05-08,1
"Japanese shares end lower amid stronger yen, US bank jitters",2023-05-08,2
Sensex zooms 710 points: 7 key factors driving the rally,2023-05-08,1
Stock picks of the week: 5 stocks with consistent score improvement and upside potential of up to 46%,2023-05-08,1
Chart Check: Breakout from inverse head & shoulder pattern makes Tata Motors an attractive buy; here’s why,2023-05-08,1
Top Nifty50 stocks analysts suggest buying this week,2023-05-08,1
Multibagger Olectra Greentech shares jump 10% as Q4 profit soars 52%,2023-05-08,1
TCNS Clothing shares crash 19% as Aditya Birla Fashion to acquire majority stake,2023-05-08,1
Star Performers! These 26 stocks gave index-beating returns in June quarter of last 3 FYs,2023-05-08,1
"At multi-year highs: TVS Motor, MRF among 7 stocks that gave 5-year breakouts",2023-05-08,1
"Sensex gains 300 points, Nifty tops 18,150; IndusInd Bank rises 3%",2023-05-08,1
"Bulls return to D-Street! Sensex climbs over 700 points, Nifty tops 18,200",2023-05-08,0
Profit booking likely in pharma giant as options open in agro-chemical company,2023-05-08,1
Technical picks: 3 stocks that can rally up to 12% in near term,2023-05-08,1
Stocks to buy or sell today: 4 short-term trading ideas by experts for 8 May 2023,2023-05-08,0
A software stock and shipping share with potential of 4.5% and 8% rise,2023-05-08,1
"Buy or Sell: Stock ideas by experts for May 08, 2023",2023-05-08,2
"Stocks in focus: DCB Bank, Blue dart and more",2023-05-08,1
Positive Breakout: These 9 stocks crossed their 200 DMAs,2023-05-08,1
"Hot Stocks: Brokerages on Britannia, IndusInd Bank, Bank of India and Aditya Birla Fashion",2023-05-08,1
"Asian shares inch higher, U.S. inflation test looms",2023-05-08,1
Share of foreign currency assets in overseas securities rises to 81%,2023-05-08,1
Blackstone's delisting offer for India's R Systems International fails,2023-05-08,2
Strong fourth quarter perks up Paytm stock; stock jumps nearly 5%,2023-05-08,1
Bain Capital seeks to raise $4 bn for new global special situations fund,2023-05-08,0
Two Adani group stocks decline by daily limit as MSCI trims weight,2023-05-08,2
Equities rebound on easing recession worries; HDFC twins back in green,2023-05-08,1
"Reducing pie: Promoter pledging dips during March quarter, shows data",2023-05-08,2
Mankind Pharma to make market debut on Tuesday following a successful IPO,2023-05-08,0
"Sensex leaps 710 pts after a day's hiatus; TaMo, IndusInd rise 5%, PSBs dip",2023-05-08,2
Over 1.9 mn PACL investors received Rs 920 crore in total back: Sebi,2023-05-08,0
This smallcap glass container firm has made investors richer by 5x in 5 yrs,2023-05-08,1
Sensex recovers 800 pts from Friday's low; key reasons behind the rally,2023-05-08,2
Gujarat Ambuja Exports sinks 12% as net profit more-than-halves in Q4FY23,2023-05-08,1
"MSCI cuts free float in Adani Transmission, Adani Total Gas; stocks sink 5%",2023-05-08,2
"FMCG index likely to hit 50,000; ITC, Britannia, Marico may rally up to 20%",2023-05-08,1
"TCNS deal may raise debt, near-term profitability risks for ABFRL: Analysts",2023-05-08,0
Marico zooms 9% on steady Q4 performance; brokerages upgrade stock,2023-05-08,1
Olectra Greentech jumps 10% after net profit rises 52% YoY in Q4,2023-05-08,1
Equitas Small Finance Bank zooms 8% on solid March quarter results,2023-05-08,1
"Gold declines Rs 325 to Rs 60,925 per 10 gram; silver dips by Rs 965",2023-05-08,2
"Paytm, ABFRL, Coal India, BoI, Adani Power among top stocks to watch today",2023-05-08,1
Best of sovereign bond rally may be over with sales deluge coming,2023-05-08,1
"  Raymond, Larsen & Toubro and Apollo Tyres | Top stocks to watch on May 10",2023-05-09,1
  Trade setup for Wednesday: Top 15 things to know before the opening bell,2023-05-09,1
  Nexus Select Trust REIT IPO subscribed 28% on first day of offer,2023-05-09,1
  Mankind Pharma powered up 32% on debut: Here are the key reasons,2023-05-09,1
"  US sales, brand deals to seal the fortune for Dr Reddy's in Q4",2023-05-09,1
"  Technical View | Nifty forms Spinning Top pattern after reclaiming 18,300; indicators signal potential upside",2023-05-09,1
"  Taking Stock: Selling at fag-end wipes off gains, Sensex, Nifty end flat",2023-05-09,2
  LIVE: Paytm Q4 results | Management commentary & outlook | Earnings express,2023-05-09,1
  Gainers & Losers: 10 stocks that moved the most on May 9,2023-05-09,2
"  Jefferies sees L&T, Thermax, Polycab and KEI as good bets to play the capex cycle",2023-05-09,0
  Live Market: Nifty & Sensex turn flat amid volatility; Mankind Pharma & UPL in focus | Closing Bell,2023-05-09,1
  Moneycontrol Pro Panorama | The China risk to earnings,2023-05-09,0
"  Receding fear of rate hikes, positive global cues create optimism zone for Indian equities",2023-05-09,0
  It’s India’s moment in the sun. More reforms will increase its attractiveness to investors,2023-05-09,1
  L&T Preview: Better execution to aid Q4 revenue growth; large order wins to improve margin,2023-05-09,1
  Apar Industries tanks 18% as investors rush to book profit from recent rally,2023-05-09,0
"  Reliance Industries' capex benefits to flow in FY25, risk-reward attractive: JPMorgan",2023-05-09,2
"  F&O Manual | Bulls rule the Street as traders see Nifty past 18,450 points",2023-05-09,1
"  Cheaper pizzas, burgers! Zomato starves in trade as ONDC poses a threat",2023-05-09,1
  Canara Bank shares decline 2% despite 90% surge in Q4 net profit,2023-05-09,1
  Federal Reserve warns of credit crunch risk after US bank turmoil,2023-05-09,0
  Mankind debuts with 'outperform' rating from Macquarie; stock gets a 30% uptick,2023-05-09,1
  GuruSpeak | Pankaj Himthani a chartered accountant who has a trading strategy for every market condition,2023-05-09,0
  Carborundum Universal rallies 5% on the back of 24% surge in post-tax profit,2023-05-09,2
"  Kansai Nerolac spurts 8% on strong Q4 show, bonus issue",2023-05-09,1
  MGL shares hit 52-week high on bumper Q4 earnings,2023-05-09,1
"  A small step for pharma, a giant leap for Mankind",2023-05-09,1
  UPL shares shed 2% after March quarter net profit plunges 43%,2023-05-09,2
  Chart of the Day: India's hydro pumped storage ambitions make slow progress,2023-05-09,1
  FIIs’ equity holdings in smallcap firms hit a 20-quarter high,2023-05-09,1
  PMLA changes will make the role of CAs and other professionals highly onerous,2023-05-09,0
"  Market Live: Nifty set to reclaim 18,300; Canara Bank, Lupin, Pidilite in focus | Mankind Lists Today",2023-05-09,1
  The smart way to buy bullion for maximum returns,2023-05-09,0
"  The Green Pivot: Indian banks aren’t doing enough green financing, quite the opposite",2023-05-09,0
"  Buzzing Stocks: Lupin, Raymond, Mahanagar Gas, Mankind Pharma stocks and others in focus",2023-05-09,1
"  Trade Spotlight | How should you trade in Tata Motors, Bajaj Finance, CSB Bank today",2023-05-09,1
"  Hot Stocks | Bet on NOCIL, MSTC, Angel One for up to 15% return in short term",2023-05-09,0
"  Closing Bell: Indices close flat, Nifty near 18,250; ITC, SBI, Bajaj Finance worst hit",2023-05-09,1
  Daily Voice | Sector tailwinds keep Anil Rego of Right Horizons PMS bullish on capital goods for long-term,2023-05-09,0
  Cash Market | A high probability trade in Reliance,2023-05-09,1
  Cash Market | A symmetrical triangle breakout is seen in Fortis Healthcare,2023-05-09,1
  Options Trade | An earning-based non-directional options strategy in SRF,2023-05-09,1
  Cash Market | Metropolis Healthcare shows a classic breakout of an Inverse Head & Shoulder pattern,2023-05-09,0
  Commodity Futures | Short-term base formed in Zinc,2023-05-09,1
  Trade setup for today: Top 15 things to know before the opening bell,2023-05-09,1
"Lupin Q4 results: Cons PAT falls 25% QoQ to ₹247 crore, declares dividend",2023-05-09,2
"Shipping Corporation Of India Q4: Net profit at ₹376.9 cr, dividend declared",2023-05-09,1
Adani-Hindenburg Saga: SC to hear SEBI's 6-month extension plea on May 12,2023-05-09,2
"Bulk Deals On May 10: Manappuram Finance, others exchange hands, check list here",2023-05-09,2
"FIIs buy equities for 9 days in row, invests ₹1,942 cr, DIIs infuse ₹405 cr",2023-05-09,1
Mankind’s impressive listing may revive retail interest in IPOs,2023-05-09,0
Maruti Suzuki stock records longest gaining streak since listing in July 2003,2023-05-09,1
Adani Ports bond repurchase offer oversubscribed with bids worth $413 million,2023-05-09,1
Man Infraconstruction net profit jumps 118% in Q4,2023-05-09,1
"Apollo Tyres Q4 Results: Net profit jumps to ₹427 crore, dividend declared",2023-05-09,1
"Nazara Technologies Q4: Net profit up 18.2% to ₹2.6 cr, revenue up 65%",2023-05-09,1
China’s New Hot Stocks Are State-Owned Banks and Brokers,2023-05-09,0
ChatGPT Is Causing a Stock-Market Ruckus,2023-05-09,2
"Tanla Platforms share price: 25% upside seen in this smallcap, here's why",2023-05-09,1
"Eveready Industries Q4: Firm narrows net loss to ₹14.4 cr, revenue up 18%",2023-05-09,2
Vaishali Parekh's technical pick is Infosys stock; check key details here,2023-05-09,0
"Birla Corp Q4 results: PAT dips 23%; details of dividend, NCDs, earnings here",2023-05-09,0
"Godrej Agrovet Q4 Results: Net profit down 74% to ₹31 crore, dividend declared",2023-05-09,2
"Castrol India: Net profit down by 11.3% to ₹202 cr, revenue up 4.7%",2023-05-09,2
Raymond Q4FY23 Results: Net profit slumps 26%; declares dividend,2023-05-09,2
"Top gainers, losers in trade today: IndusInd, Divis Lab, Mankind: Check list",2023-05-09,1
"Stock Market Today: Sensex, Nifty end flat on fag-end selling",2023-05-09,2
Indiabulls Real Estate share price locked in 20% lower circuit; Here's why,2023-05-09,2
"Mankind Pharma well positioned to double its PAT by FY26, says Macquarie",2023-05-09,1
"Tata Motors, IDFC First Bank hit new 52-week high, brokerage recommends buy",2023-05-09,1
Tata Technologies IPO effect: Tata Motors share price jumps 25% in two months,2023-05-09,1
Nexus Select Trust REIT IPO: Issue subscribed 28% on Day 1; check details,2023-05-09,0
What investors should do after the recent stock market rally,2023-05-09,0
"Craftsman Automation Q4 earnings: Net income up 49% YoY, 225% dividend declared",2023-05-09,0
"Kansai Nerolac Paints records 401% Q4 PAT growth, Board recommends 1:2 bonus share and 270% dividend",2023-05-09,1
Why Zomato share price is nosediving today — explained,2023-05-09,1
Billionaire Mukesh Ambani’s Reliance Industries (RIL) has stock analysts most bullish in seven years,2023-05-09,1
Mahanagar Gas shares surge 9% to hit 52-week high on strong Q4 earnings,2023-05-09,1
Rupee falls 14 paise to 81.92 against US dollar following sharp rebound in crude oil prices,2023-05-09,2
ITC share price: The driving force behind FMCG sector’s bull run,2023-05-09,1
Mankind Pharma share price further climbs after listing at 20% premium,2023-05-09,1
Pidilite Industries share price plummets in morning trade as Q4 PAT misses Street estimates,2023-05-09,0
Lupin Q4FY23 earnings: Shares down nearly 1% ahead of results,2023-05-09,2
A less well-run bank can be a good investment; Aswath Damodaran explains why,2023-05-09,1
Global market: SGX Nifty to US inflation — key triggers you should know,2023-05-09,1
"Stocks to Watch: Canara Bank, UPL, Vedanta, Mahanagar Gas, SpiceJet",2023-05-09,1
Day trading guide for today: Six buy or sell stocks for Tuesday — May 9,2023-05-09,1
"Multibagger stock rallies over 200% in 1 year, Board declares 100% dividend",2023-05-09,0
"Q4 results today: All eyes on Nazara, Reliance Infra, SRF, Birla Corp, Apollo Tyres, Castrol among others",2023-05-09,1
Buy or sell: Vaishali Parekh recommends three stocks to buy today — 9th May,2023-05-09,1
Global markets update: US stocks mixed ahead of inflation data,2023-05-09,0
Investor fund rejects Sebi plan to let cos do refunds,2023-05-09,0
"Stock Radar: Buy IEX for a potential target of Rs 178 in 1-2 months, says Ajit Mishra",2023-05-09,1
Sebi levies Rs 35 lakh fine on 7 entities for non-genuine trades,2023-05-09,0
​These 9 consumer discretionary stocks touch new 52-week highs​,2023-05-09,1
Sebi issues notices to PTC India financial arm citing governance lapses,2023-05-09,0
Ahead of Market: 10 things that will decide D-Street action on Wednesday,2023-05-09,0
LIC's shareholding in HPCL crosses 5%,2023-05-09,1
US stocks open lower; debt ceiling talks eyed,2023-05-09,2
5 schemes investors can consider for higher returns than fixed deposits,2023-05-09,0
Market Trading Guide:  Power Grid among 3 stock recommendations for Wednesday,2023-05-09,1
Tech View: RIL may trigger next leg of rally in Nifty. What should traders do on Wednesday,2023-05-09,1
"Sensex, Nifty end flat ahead of US inflation data",2023-05-09,1
"Sensex ends flat, Nifty below 18,300; Mahanagar Gas surges 7%, BoB drops 3%",2023-05-09,2
Adani group to prepay $130 million debt to boost investor confidence,2023-05-09,2
Sensex just 2.5% shy of lifetime high! 5 reasons why bulls are charged up,2023-05-09,1
This Jhunjhunwala stock zooms 9% to 3-month high ahead of Q4 results,2023-05-09,1
Indiabulls Real Estate tanks 20% as Nam Estates-Embassy One merger faces delays,2023-05-09,2
6 smallcap bets of retail investors soar up to 100% in a year,2023-05-09,1
European shares fall as Sweden's SBB drags,2023-05-09,2
Japan stocks jump as investors gauge upbeat earnings season,2023-05-09,1
Ramkrishna Forgings to trade ex-dividend today,2023-05-09,0
"Mankind Pharma management on FY24 growth outlook, new launches and balance sheet",2023-05-09,1
Mukesh Ambani’s Reliance has stock analysts most bullish in 7 years,2023-05-09,2
Credit Suisse CEO to join board in mega merger: UBS,2023-05-09,2
Chart Check: Hero MotoCorp breaks out from inverse head & shoulder pattern; here’s how to trade the stock,2023-05-09,0
Long-term investing in Bharat; 3 stocks which may benefit from increasing rural incomes have upside potential of up to 39%,2023-05-09,1
"Macquarie initiates coverage on Mankind Pharma, sees 30% upside",2023-05-09,1
Kansai Nerolac Paints shares surge 10% as Q4 profit jumps over five-fold,2023-05-09,1
These largecaps have ‘Strong Buy’ & ‘Buy’ reco and upside potential of more than 25%,2023-05-09,1
4 midcap stocks that have beaten volatile markets can rise up to 16%,2023-05-09,1
Zomato shares tumble 5% as investors fear disruption from ONDC,2023-05-09,1
"Stocks to buy today: 10 short-term trading ideas by experts for 9 May, 2023",2023-05-09,1
"At multi-year highs: Bajaj Auto, Siemens among 8 stocks that gave 5-year breakouts",2023-05-09,1
"Hot Stocks: Brokerages view on Kfin Tech, Sun Pharma, Pidilite and Exide",2023-05-09,0
Mankind Pharma shares list at 20% premium over IPO price,2023-05-09,1
Two stocks with potential to rise by 3% and 7%,2023-05-09,1
"Sensex rises over 100 points, Nifty tops 18,300; Kansai Nerolac surges 8%",2023-05-09,1
Golden Crossovers: These 3 stocks signal further bullishness,2023-05-09,1
"Sensex jumps 100 points, Nifty tops 18,300 on gains in banks & financials",2023-05-09,1
Cement stock starting new uptrend as options open on pharma company,2023-05-09,1
"LIC's Rs 10 lakh crore-portfolio: 273 stocks, 11 stars, but only 1 superstar!",2023-05-09,2
10 stocks that saw earnings upgrades & downgrades after Q4 show,2023-05-09,0
"Markets too optimistic on interest rate reversal, says Hechler-Fayd'herbe",2023-05-09,0
"Sensex, Nifty end flat after choppy day; Indiabulls RE sinks 20%, Zomato 6%",2023-05-09,2
Stock of this iron & steel products company has zoomed 102% in six weeks,2023-05-09,1
Birlasoft soars 9% on heavy volumes post better-than-expected Q4 results,2023-05-09,1
"IHCL, Kamat: Hotel stocks at 52-week high; check out the trading strategies",2023-05-09,1
L&T Q4 preview: Strong order inflow may drive profit up to 90% higher QoQ,2023-05-09,1
"BSE Midcap index nears 52-week high; outperforms Smallcap, Sensex",2023-05-09,1
Apar Industries slips 18% on profit booking posts Q4 results,2023-05-09,2
Strong margin outlook key driver for consumer major Marico's gains,2023-05-09,1
"New phase of capex cycle to start soon, say analysts. Top stocks to bet on",2023-05-09,0
Mahanagar Gas hits 52-week high; soars 7% on margin improvement in Q4,2023-05-09,1
Kansai Nerolac surges 10% on healthy Q4 earnings; recommends 1:2 bonus,2023-05-09,1
"Kansai Nerolac, Canara Bank, Mankind Pharma among top stocks to watch today",2023-05-09,1
Charts reveal bearish trend for Nifty Private Bank index in near-term,2023-05-09,1
Nexus Select Trust REIT IPO subscribed 28% on first day of offer,2023-05-09,1
Mankind Pharma jumps 32% on stock market debut due to strong demand,2023-05-09,1
Mutual funds may knock on Sebi door for hybrid fund tax stimulus,2023-05-09,0
"Crypto exchange Bittrex files for bankruptcy, no impact on global business",2023-05-09,1
  Trade setup for Thursday: Top 15 things to know before the opening bell,2023-05-10,1
"  Asian Paints, Dr Reddy’s and Larsen & Toubro | Top stocks to watch on May 11",2023-05-10,1
"  Contrarian calls | Bajaj Auto, UltraTech, CIL catch investor fancy despite analysts stepping up on downgrades",2023-05-10,1
  Imran Khan's arrest: Protests rage in Pakistan after former PM arrested on corruption charges,2023-05-10,0
"  Dr Reddy's Q4 net profit jumps to Rs 959 crore on favourable base, US launches, brand deals",2023-05-10,1
"  L&T Q4 net profit spikes 10% to Rs 3,987 crore, misses estimates",2023-05-10,0
"  Technical View | Nifty forms Dragonfly Doji pattern; all eyes on 18,500 mark",2023-05-10,1
  Gainers & Losers: 10 stocks that moved the most on May 10,2023-05-10,2
"  Closing Bell: Nifty, Sensex trade flat; Lupin and Apollo Tyres in focus",2023-05-10,1
"  Nexus Select Trust REIT IPO subscribed 57%, HNIs portion fully booked on day 2",2023-05-10,1
"  Taking stock: Amid nervousness over US inflation data, Sensex manages to close in green",2023-05-10,1
"  Asian Paints Q4 Preview | Revenue to grow 10%, margins to expand on falling input costs",2023-05-10,2
  Vaccine maker Sanofi India to demerge consumer healthcare business,2023-05-10,1
  Dollar’s dominion holds strong despite growing grumblings around the world,2023-05-10,1
  Moneycontrol Pro Panorama | Markets and investors look optimistic with strong start to FY24,2023-05-10,0
  Morgan Stanley estimates credit loss impact on loans between 1% and 2.5%,2023-05-10,2
  Coal at a 16-Month low| Weak demand from Europe | Commodities Live,2023-05-10,2
  What central banks need to consider when making monetary policy in times of war and crisis,2023-05-10,0
  F&O Manual: Nifty struggles to find a way as bears put their foot down,2023-05-10,2
  Hard days for Indian software giants as foreign funds log out of IT stocks,2023-05-10,0
  Shemaroo Entertainment hits 10% upper circuit post robust Q4 results,2023-05-10,1
  Aarti Industries tumbles 8% as weak demand remains key risk but brokerages upbeat,2023-05-10,0
  Swiggy Saga: Valuing new age companies is turning out to be a joke,2023-05-10,2
  Chart of the Day: Mongolia is the new Australia in supplying coal,2023-05-10,0
  Godrej Agrovet slumps on poor Q4 show dragged by crop protection biz,2023-05-10,2
  Rain Industries declines 3% on weak March quarter earnings,2023-05-10,2
  Latent View slumps 9% after profit shrinks QoQ,2023-05-10,2
  IRB Infra gains 5% as toll collection grows 19% in April,2023-05-10,1
  IndusInd Bank rallies 2% on upgrade from UBS,2023-05-10,1
"  Shipping Corporation jumps 8% on margin expansion, profit growth",2023-05-10,1
"  JSW Infrastructure files draft IPO papers with Sebi to raise Rs 2,800 crore",2023-05-10,0
  Motilal Oswal sees ONDC as a threat to Zomato only if scaled up meaningfully,2023-05-10,1
"  Lupin's Q4 net profit at Rs 236 crore, sales rise 12.1% YoY",2023-05-10,1
  Bangladesh vs India per capita GDP: Setting the record straight,2023-05-10,1
"  Buzzing Stocks: L&T, Dr Reddy's, Bosch, Nazara, Raymond, others in focus today",2023-05-10,1
"  Trade Spotlight | Your strategy for Firstsource Solutions, Nazara Tech, Varun Beverages today",2023-05-10,0
"  Closing Bell: Sensex up 179 points, Nifty above 18,300; IndusInd, PowerGrid, Tata Motors top gainers",2023-05-10,1
"  Hot Stocks | Sula Vineyards, Tube Investments, Vindhya Telelinks may fetch up to 15% returns",2023-05-10,0
  Daily Voice | This investment advisor explains why he prefers ancillary space in real estate segment,2023-05-10,1
  Cash Market | Trendline breakout to propel the price of Tata Power,2023-05-10,1
  Cash Market | MSFL shows a breakout above the Double Bottom trend reversal pattern,2023-05-10,0
  Options Trade | An earning-based non-directional options strategy in Larsen & Toubro,2023-05-10,1
  Cash Market | IOC at a crucial breakout point,2023-05-10,1
  Commodity Futures | A month-long consolidation breakout in Lead,2023-05-10,1
  Mankind Pharma takes a 32% leap on debut despite volatility gripping the market,2023-05-10,1
Dr Reddy’s Q4 net profits grow multifold driven by good India and US performance,2023-05-10,1
"FIIs make highest buying of 2023 in 7 trading sessions of May, DIIs turn sellers",2023-05-10,1
"Months after cancelled FPO, crisis-hit Adani to consider fundraising on May 13",2023-05-10,2
"Bulk Deals On May 10: Agri-Tech , others exchange hands; Check buyers & sellers",2023-05-10,2
"Rekha Jhunjhunwala stock is down 4% post Q4 results, brokerages recommend buy",2023-05-10,2
Sebi allows direct market access to registered FPIs for participating in ETCDs,2023-05-10,0
"Gujarat Gas Q4 Results: Net profit falls 16% to ₹369 crore, dividend declared",2023-05-10,2
L&T Q4: Firm announces dividend of ₹24 per share; check details,2023-05-10,0
"Dr Reddy's Lab Q4 Results: Consolidated PAT at ₹959 cr, declares 800% dividend",2023-05-10,0
"L&T Q4 results: Consolidated PAT rises 10% YoY to ₹3,987 cr, declares dividend",2023-05-10,0
PSU Banks in deep red amid concerns over change in provisioning norms,2023-05-10,2
"Godrej Consumer Products Q4: Net profit up 24% to ₹452 cr, revenue up 9.8%",2023-05-10,1
"Top gainers, losers in trade today: IndusInd, Dr Reddy's, UPL: check full list",2023-05-10,1
BASF India Q4 Results: Net profit declines 45% to ₹82 crore on sluggish sales,2023-05-10,1
Escorts Kubota Q4FY23: Net profit up 13.4%; declares dividend,2023-05-10,1
"Stock Market Today: Sensex, Nifty end higher despite weak global cues",2023-05-10,1
"From 52-week high to diving 9%, JBM Auto stock under pressure after Q4 results",2023-05-10,1
"Sanofi India Q4: Net profit down 20% to ₹190.4 cr, revenue up 4%",2023-05-10,2
Market return to be muted in near term: Chandraprakash Padiyar of Tata MF,2023-05-10,0
Nexus Select Trust IPO: Issue subscribed 57% on Day 2; check details,2023-05-10,0
Shipping Corporation of India shares rally 8% on strong Q4,2023-05-10,1
Rupee gains 10 paise to 81.96 against US dollar in early trade,2023-05-10,1
Tata Motors shares hit 52-week high for the third straight session; here's why,2023-05-10,1
Franklin Templeton bullish on Indian market; here's what it says,2023-05-10,0
Dr Reddy's share price down 1% ahead of Q4FY23 results; check details,2023-05-10,2
"Lupin share price recover losses, up nearly 3%; check details",2023-05-10,1
ITC to announce Q4 earnings and final dividend on this date,2023-05-10,0
Global market: SGX Nifty to US inflation data — key triggers for Indian market,2023-05-10,0
"Stocks to Watch: RIL, Adani Ports, HDFC Bank, Lupin, Vedanta, Tata Motors",2023-05-10,1
"Q4 results today: L&T, Dr Reddy's, Escorts, Novartis, Sanofi to announce results",2023-05-10,0
Day trading guide for today: Six buy or sell stocks for Wednesday — May 10,2023-05-10,1
Buy or sell: Vaishali Parekh recommends buying in 3 stocks today - 10 May,2023-05-10,1
"Global markets update: US stocks fall, investors eye inflation data",2023-05-10,2
"Lupin Q4 results: Firm reports consolidated PAT of ₹247 cr, declared dividend",2023-05-09,0
"Bulk Deals On May 9: Manappuram Finance, others exchange hands, check list here",2023-05-10,2
Escorts Kubota Q4 Results: Profit rises 14% YoY to Rs 216.5 crore,2023-05-10,1
"Stock Radar: Buy L&T for Rs 2550 post breakout from Flag pattern, says Ruchit Jain of 5paisa.com",2023-05-10,1
Ahead of Market: 10 things that will decide D-Street action on Thursday,2023-05-10,0
Balanced portfolio strategy is key while making equity investments. Mid & smallcap stocks offer opportunities,2023-05-10,0
US stocks open higher on signs of easing inflation,2023-05-10,1
Sebi cancels registration of Skung Commxperts in NSEL case,2023-05-10,0
Sebi allows direct mkt access facility to FPIs for participating in exchange traded commodity derivatives,2023-05-10,0
​Market Trading Guide: GAIL among 3 stock recommendations for Thursday​,2023-05-10,1
"Sensex ends with minor gains amid volatility, Nifty holds 18,300",2023-05-10,1
"Sensex gains 179 pts, Nifty above 18,300; TV18 surges 8%, Varun Beverages 7%",2023-05-10,1
Sanofi board approves demerger of its consumer healthcare business,2023-05-10,0
Industry body urges Sebi to provide easy exit for small companies to delist from CSE,2023-05-10,0
Blackstone launches open offer to acquire 26% stake in R Systems after delisting offer fails,2023-05-10,1
"Venky's India Q4 Results: Firm posts 56% slump in profit on rising feed costs, lower sales",2023-05-10,2
Tata Motors DVRs back in limelight amid hopes of dividend payment after seven-year gap,2023-05-10,0
​These 5 midcaps rally up to 60% in a year even as promoters slash stake​,2023-05-10,1
Godrej Agrovet shares plunge 5% on weak Q4 earnings,2023-05-10,2
RVNL shares fall 14% in 3 sessions. Here's what analysts recommend,2023-05-10,2
Nifty healthcare index stocks analysts suggest buying have potential upside of more than 19%,2023-05-10,1
Latent View shares plunge 9% as Q4 profit declines,2023-05-10,1
Saurabh Mukherjea on Rahul Dravid of Indian stock market: Here's what he says,2023-05-10,1
"Momentum Pick: Trading at 53% discount, Tanla Platforms has 25% upside",2023-05-10,1
"ONDC a threat to Zomato only if it scales up meaningfully, says Motilal Oswal",2023-05-10,1
"IT stocks: Q4 worst since Covid days but dividend, buybacks can keep doomsday away",2023-05-10,0
These bank stocks can give up to 20-40% returns,2023-05-10,0
"ITC, ICICI Bank among 6 top largecap investment ideas that can rally up to 30%",2023-05-10,1
Shipping Corporation shares jump 8% on strong Q4 earnings,2023-05-10,1
"Hot Stocks: Brokerages on Mankind Pharma, Lupin, MGL, Zomato, Godrej Consumer",2023-05-10,0
"Emerging market investors ditch China stocks to pile into RIL, TSMC",2023-05-10,1
"Q4 Results Today: What to expect from L&T, Dr Reddy’s, Godrej Consumer",2023-05-10,1
"Sensex rises 100 points, Nifty tops 18,300; Sanofi jumps 3%",2023-05-10,1
At multi-year highs: These 8 stocks gave 5-year breakouts,2023-05-10,1
"Sensex, Nifty open higher; all eyes on US inflation data",2023-05-10,1
"Buy or Sell: Stock ideas by experts for May 10, 2023",2023-05-10,2
"Stocks in focus: Zomato, Asian Paints and more",2023-05-10,1
Stocks to buy today: 9 short-term trading ideas by experts for 10 May 2023,2023-05-10,1
"F&O Ban: BHEL, GNFC, Manappuram Finance, Canara Bank under ban for trade on Wednesday",2023-05-10,1
2 stocks that can give 3-10% returns in short term,2023-05-10,0
Sebi issues notices to PTC India financial arm,2023-05-10,0
"Positive Breakout: RIL, TCS among 5 stocks that crossed their 200 DMAs",2023-05-10,1
Sebi allows FPIs direct access to exchange-traded commodity derivatives,2023-05-10,0
High valuations may cap further upside in ABB stock; prospects 'positive',2023-05-10,1
"NSE lifts lid on dabba trading, tippers, issues warnings to 24 platforms",2023-05-10,0
"Sensex climbs 179 pts in fag-end, Nifty tops 18,300; auto, bank stocks lead",2023-05-10,1
Union urges Sebi to provide easy exit for companies to delist from CSE,2023-05-10,0
Royal Orchid Hotels hits new high; stock zooms 50% in 5 weeks,2023-05-10,1
"Oil & gas shares fire up: BPCL, Indian Oil, ONGC hit 52-week highs",2023-05-10,1
IndusInd Bank rises 3% on UBS upgrade; notches 9% gain in last 3 sessions,2023-05-10,1
Capacite Infra surges 21% in three days on winning Rs 224 cr Raymond order,2023-05-10,1
Tata Motors hits 52-week high ahead of Q4 results; soars 32% so far in CY23,2023-05-10,1
"HDFC, Bajaj Finance: Trading strategies for Bajaj, HDFC twins",2023-05-10,1
Aarti Industries sinks 8% as analysts turn cautious on stock post weak Q4,2023-05-10,2
Varun Beverages joins Rs 1 trillion m-cap club; zooms 108% in 11 months,2023-05-10,1
Latent View Analytics slumps 9% despite record revenue in FY23; check why,2023-05-10,1
"India is back with a bang on FIIs mind: Sumit Jain, ASK Investment Managers",2023-05-10,1
SCI soars 8% on near 3-fold jump in Q4 net,2023-05-10,1
"Stocks to Watch on May 10: L&T, SpiceJet, SCI, Apollo Tyres, Tata Steel",2023-05-10,1
"HDFC Securities recommends to buy Mastek, CCL Products; here's why",2023-05-10,1
"Charts hint near-term correction for Nifty FMCG, sell-on-rise approach apt",2023-05-10,1
Adani-Hindenburg row: SC to hear Sebi's plea seeking extension on May 12,2023-05-10,2
"Sensex, Nifty close with gains in choppy trade ahead of US inflation data",2023-05-10,1
"JSW Infrastructure files DRHP with Sebi, plans to raise Rs 2,800-cr via IPO",2023-05-10,0
Sebi allows FPIs direct mkt access to exchange traded commodity derivatives,2023-05-10,0
